id;name;type;text;url
1;archive;deposit ADP Customer;../fake-data/blob/hipster.txt;https://letitia.info
2;Tajikistan;Franc Sharable Account;../fake-data/blob/hipster.txt;http://jakayla.info
3;innovate;Books;../fake-data/blob/hipster.txt;https://olin.name
4;visionary;Card;../fake-data/blob/hipster.txt;http://amos.org
5;Bedfordshire Practical feed;invoice revolutionary;../fake-data/blob/hipster.txt;http://mortimer.biz
6;Nakfa array;convergence monitor;../fake-data/blob/hipster.txt;https://ruthe.info
7;bus Account card;Home;../fake-data/blob/hipster.txt;https://rowena.com
8;Gorgeous;Movies overriding;../fake-data/blob/hipster.txt;https://edyth.name
9;Chair e-services;Technician leverage embrace;../fake-data/blob/hipster.txt;http://marianna.info
10;haptic maroon Chief;revolutionary;../fake-data/blob/hipster.txt;https://nathan.org
